Stock,Date,Headline
TSLA,2024-11-16 09:00:00,The weight-loss frenzy is making some pharma stocks much more volatile. Will the drama continue?
TSLA,2024-11-16 08:15:00,Cathie Wood Is Selling Tesla and Buying This Other EV Stock That's Under $5. Should You Follow Her Lead?
TSLA,2024-11-16 08:00:00,Roaring Donald: Trumps Truth Social emerges as a meme stock darling
TSLA,2024-11-16 05:30:00,The Withering Dream of a Cheap American Electric Car
TSLA,2024-11-16 04:32:00,"Meet the Stock-Split Stock That Soared by 11,210% Over the Past 15 Years. Now, It's Poised to Join Nvidia, Apple, Microsoft, Amazon, Alphabet, Meta, and Tesla in the $1 Trillion Club by 2026"
TSLA,2024-11-15 18:28:00,"OpenAI's tumultuous early years revealed in emails from Musk, Altman, and others"
TSLA,2024-11-16 17:34:00,"The Score: Spirit, Tesla, Moderna and More Stocks That Defined the Week"
TSLA,2024-11-16 17:01:00,Vivek Ramaswamy's Net Worth Is 9 Figures See How the DOGE Co-Lead Made His Millions
TSLA,2024-11-16 17:00:00,Elon Musk's SpaceX Plans To Launch Tender Offer Valuing It at $250B
TSLA,2024-11-16 16:54:00,OpenAI at one point considered acquiring AI chip startup Cerebras
TSLA,2024-11-16 16:31:00,Tesla Stock Recaptures $1 Trillion. After Wall Street Weighs in on EV Tax-Credits.
TSLA,2024-11-16 16:17:00,Trump Is Set to Kill Teslas EV Tax Credit. This Matters Way More.
TSLA,2024-11-16 15:45:00,Elon Musk's DOGE is already giving X a helping hand
TSLA,2024-11-16 15:31:00,Trump Picks Former SEC Chairman Clayton to Be Wall Streets Sheriff
TSLA,2024-11-16 15:00:00,Ron Baron's Baron Partners Fund 3rd Quarter Letter: A Recap
TSLA,2024-11-16 15:00:00,Why Musk Supports Trumps Plan to Axe EV Tax Credits
TSLA,2024-11-16 14:14:00,Rivian Stock Remained Turbulent Today. Is It an Opportunity to Buy?
TSLA,2024-11-16 14:01:00,"xAI's value is set to double, joining Elon Musk's Tesla and SpaceX in reaching new heights"
TSLA,2024-11-16 14:00:00,Anduril CEO sees opportunity for defense tech startups under Trump
TSLA,2024-11-16 13:30:00,"Elon Musk's xAI's value is set to double, joining SpaceX and Tesla in reaching new heights"
TSLA,2024-11-16 13:14:00,Cathie Wood says Elon Musk will succeed in his audit of the federal government because he has more proprietary data than anyone
TSLA,2024-11-16 12:49:00,Elon Musk's DOGE Is Hiring Here Are the Details
TSLA,2024-11-16 12:40:00,Tesla's Musk Expands Lawsuit Against OpenAI to Include Microsoft and Executives
TSLA,2024-11-16 12:37:00,Elon Musk's America PAC sees mixed election results
TSLA,2024-11-16 12:03:00,Lucid CEO Says EV Maker Mostly Immune If Trump Nixes Tax Credit
TSLA,2024-11-16 11:51:00,Elon Musk's xAI Secures $6B--Next Stop: $75B Valuation?
TSLA,2024-11-16 11:04:00,Trump administration reportedly plans to scrap EV tax credit
TSLA,2024-11-16 10:59:00,U.S. Lawmaker's Tesla Stock Purchase Surges Ahead of Election Rally
TSLA,2024-11-16 10:46:00,"Trump looks to end EV credit, vaccine stocks fall on RFK JR. pick"
TSLA,2024-11-16 10:28:00,"Trump killing the EV tax credit would hurt Tesla but be catastrophic for Elon Musks competition, analysts say"
TSLA,2024-11-16 10:24:00,Tesla Stock Edges Up. Are Trump EV Tax-Credit Concerns Weighing on the Shares?
TSLA,2024-11-16 10:15:00,Lawsuit claiming Elon Musk rigged dogecoin ends
TSLA,2024-11-16 09:56:00,"Trump may end the $7,500 EV tax credit. Elon Musk and Tesla would reap the rewards"
TSLA,2024-11-16 09:39:00,"Musks First Move for DOGE Is to Hire, Not Fire"
TSLA,2024-11-16 09:36:00,"Futures, hedge funds pull back in Big Tech, Tesla: 3 Things"
TSLA,2024-11-16 08:37:00,Baron Capital CEO Ron Baron: Elon Musk will bring the efficiency of his businesses to Washington
TSLA,2024-11-16 08:11:00,Elon Musk is hiring for his DOGE taskforcebut youll need to work 80+ hours per week on unglamorous cost-cutting
TSLA,2024-11-16 06:55:00,Prediction: This Artificial Intelligence (AI) Stock Will Go Parabolic After Trump Assumes the White House
TSLA,2024-11-16 06:15:00,Elon Musk Bet the Farm on Donald Trump. Will the Billionaire's Gamble Pay Off for Tesla Stock or Is a Pullback on the Horizon?
TSLA,2024-11-16 05:24:00,Why Jim Cramer Wont Bet Against Tesla (TSLA) and Musks Rising Influence in Washington?
TSLA,2024-11-16 05:00:00,Jeff Bezos' Net Worth Is 12 Figures Here's How He Grew His Financial Empire
TSLA,2024-11-16 05:00:00,"Donald Trump and Elon Musk's DOGE, bracing for tariffs, and no Jamie Dimon: Politics news roundup"
TSLA,2024-11-16 01:02:00,Analysis-Traders chase post-election stock gains in US options market
TSLA,2024-11-14 23:43:00,"Tesla, Rivian Drop on Report Trump Wants to End EV Credit"
TSLA,2024-11-16 21:09:00,Strategic Moves in Caxton Associates' Portfolio Highlight Tesla's Prominence
TSLA,2024-11-16 18:30:00,Palantir Co-Founder Peter Thiel On How Elon Musk Conquered Both Automobiles And SpaceAnd Why He'd 'Never Bet' Against The Tesla CEO
TSLA,2024-11-16 17:14:00,Trump Likely to Eliminate EV Credits. Tesla Loses Its $1 Trillion Status.
TSLA,2024-11-16 16:41:00,Things Are Getting Weird for EVs After Trumps Win
TSLA,2024-11-16 16:28:00,Why Tesla Stock Was Sliding Today
TSLA,2024-11-16 16:24:00,Ron Baron's Strategic Moves in Q3 2024: A Closer Look at Tesla's Position Adjustment
TSLA,2024-11-16 16:18:00,Tesla and Other EV Stocks Drop on Reports Trump Team Plans To Kill Tax Credit
TSLA,2024-11-16 16:15:00,Boeing Stock Sale Was Supposed to Mark the Bottom. Shares Just Keep Dropping.
TSLA,2024-11-16 16:13:00,Is Rivian Stock A Buy Or A Sell With $5.8 Billion Volkswagen Joint Venture Finalized?
TSLA,2024-11-16 16:07:00,"Is Tesla Stock A Buy Or A Sell As Donald Trump Plans To Kill $7,500 EV Tax Credit?"
TSLA,2024-11-16 16:06:00,"Tesla stock falls 5% as Trump trade fades, EV tax credits come under threat"
TSLA,2024-11-16 15:13:00,"Tesla, Rivian, and Lucid stocks are fallling as Trump plans to kill Biden's EV tax credit"
TSLA,2024-11-16 15:01:00,"Elon Musk's $2 trillion spending cut goal is very ambitious, says Evercore ISI's Sarah Bianchi"
TSLA,2024-11-16 15:00:00,Analysts Divided About Impact Of Elon Musk Co-Leading DOGE On Tesla Stock: Here's What Bulls And Bears Have To Say
TSLA,2024-11-16 14:49:00,"Musks First Efficiency Move Is to Hire, Not Fire"
TSLA,2024-11-16 14:45:00,What a Trump Presidency Could Mean for AI
TSLA,2024-11-16 14:16:00,"Rivian, Lucid, and Tesla stocks fall as Trump plans to kill the EV tax credit"
TSLA,2024-11-16 14:07:00,Dogecoin Price Levels to Watch After  Post-Election Rally
TSLA,2024-11-16 12:27:00,Exclusive-Trump's transition team aims to kill Biden EV tax credit
TSLA,2024-11-16 12:09:00,Tesla stock slumps as post-election 'Trump trade' shows signs of fatigue
TSLA,2024-11-16 12:01:00,Musk's new gov. role raises corporate governance concerns
TSLA,2024-11-16 12:00:00,Tesla's Bitcoin Bet Pays Off: Investment Surpasses $1 Billion Amid Price Surge
TSLA,2024-11-16 11:58:00,Tesla issues sixth recall this year for Cybertrucks
TSLA,2024-11-16 11:47:00,"Robinhood Adds Solana, Other Cryptocurrencies for US Traders"
TSLA,2024-11-16 11:19:00,"Tesla issues recall for 2,400 Cybertrucks over faulty drive inverter component"
TSLA,2024-11-16 10:35:00,Boeing Stock Keeps Dropping. Heres Whyand How Low It Could Go.
TSLA,2024-11-16 10:33:00,"Tesla Got a Huge Price Target Bump. The Stock Is Dropping, Anyway."
TSLA,2024-11-16 10:16:00,How Trump's policies could impact Big Tech
TSLA,2024-11-16 10:06:00,"Tesla Recalls 2,400 Cybertrucks Over Faulty Inverter, Increasing Crash Risk"
TSLA,2024-11-16 07:03:00,Tesla Stock Is Down Despite a Huge Target Price Bump. Volatility Is Easing.
TSLA,2024-11-16 06:50:00,CATL eyes US plant if Trump eases barriers to Chinese FDI
TSLA,2024-11-16 06:50:00,CATL eyes US manufacturing plant if Trump eases barriers to Chinese FDI
TSLA,2024-11-16 06:00:00,"The 'DOGE' jokes are easy, but Musk's new side hustle is Tesla's biggest advantage yet: Morning Brief"
TSLA,2024-11-16 06:00:00,Elon Musk's ties to Trump pose potential conflicts for his businesses. Here's a look at his federal contracts
TSLA,2024-11-16 05:30:00,"Elon Musk is a showman, not an accountant"
TSLA,2024-11-16 05:15:00,"Trumps victory could ease regulatory path for Musks robotaxi, but hurdles remain"
TSLA,2024-11-16 04:15:00,"Want $1 Million In Retirement? Invest $100,000 in These 3 Stocks and Wait a Decade"
TSLA,2024-11-16 03:53:00,"Bitcoin Price Eyes $100,000. How the Republican Red Sweep Could Help It Get There."
TSLA,2024-11-16 01:58:00,"Deutsche Bank Reiterates Buy on Tesla, Inc. (TSLA), Highlights Potential AI Upside in Robotaxi and Robotics Initiatives"
TSLA,2024-11-13 22:25:00,Bitcoin's Dominance of Crypto Market Reaches Highest Level Since 2021
TSLA,2024-11-16 20:44:00,"Tesla, Inc.Â (TSLA): Morgan Stanley Reaffirms Overweight Amid AI Growth and Political Tailwinds from Trump Administration"
TSLA,2024-11-16 18:00:00,Dan Ives Thinks a Trump White House Is a Big Win for This Artificial Intelligence (AI) Company
TSLA,2024-11-16 17:57:00,"Trump Taps Musk, Ramaswamy to Lead a Department of Government Efficiency. He Called It The Manhattan Project of Our Time."
TSLA,2024-11-16 17:48:00,Tesla Stock Rises. Will Musks New Job Make It Fall?
TSLA,2024-11-16 17:32:00,"Tesla is now worth more than GM, Ford, Toyota, and other car companies  combined"
TSLA,2024-11-16 17:30:00,"Rocket Lab CEO on business growth, Trump's policies and Elon Musk"
TSLA,2024-11-16 17:23:00,Elon Musk says he and Trump have 'mandate to delete' regulations. Ethics laws could limit Musk role
TSLA,2024-11-16 17:17:00,Musk-a-Lago: Inside Elon Musks Role on Trumps Transition Team
TSLA,2024-11-16 16:48:00,Tesla Stock Rises. How Worried Should You Be About Musks New Job?
TSLA,2024-11-16 16:45:00,Dogecoin skyrockets as Trump announces Elon Musks appointment to DOGE
TSLA,2024-11-16 16:20:00,"These Stocks Moved the Most Today: Tesla, Rivian, Super Micro, Spirit Airlines, Rocket Lab, Spotify, SoundHound, and More"
TSLA,2024-11-16 16:14:00,"Why Dogecoin Now Has a Larger Market Cap Than Ford, Delta, and General Mills"
TSLA,2024-11-16 15:57:00,Dogecoin soars after Trump taps Elon Musk for department of government efficiency: CNBC Crypto World
TSLA,2024-11-16 15:10:00,"Tesla Stock Price Levels to Watch After  Post-Election Surge, Musk's DOGE Appointment"
TSLA,2024-11-16 15:00:00,Trumps second term will have enormous implications for Big Tech. Here's why.
